Player Filename,Firstname,Surname,Position,Birthdate,Height,Hometown,Club,State Code,Division Code,Region Code,Hometown Population
USWNT/ashley-hatch.html,Ashley,Hatch,Forward,1995-05-25T00:00:00Z,5-9,"Gilbert, Ariz.",Washington Spirit,04,8,4,208453
USWNT/jessica-mcdonald.html,Jessica,McDonald,Forward,1988-02-28T00:00:00Z,5-10,"Glendale, Ariz.",NC Courage,04,8,4,226721
USWNT/andi-sullivan.html,Andi,Sullivan,Midfielder,1995-12-20T00:00:00Z,5-7,"Lorton, Va.",Washington Spirit,51,5,3,18610
USWNT/sofia-huerta.html,Sofia,Huerta,Defender,1992-12-14T00:00:00Z,5-7,"Boise, Idaho",Chicago Red Stars,16,8,4,205671
USWNT/savannah-mccaskill.html,Savannah,McCaskill,Forward,1996-07-31T00:00:00Z,5-4,"Chapin, S.C.",Sky Blue FC,45,5,3,1445
USWNT/emily-fox.html,Emily,Fox,Defender,1998-07-05T00:00:00Z,5-5,"Ashburn, Va.",UNC,51,5,3,43511
USWNT/abby-dahlkemper.html,Abby,Dahlkemper,Defender,1993-05-13T00:00:00Z,5-7,"Menlo Park, Calif.",NC Courage,06,9,4,32026
USWNT/carli-lloyd.html,Carli,Lloyd,Forward,1982-07-16T00:00:00Z,5-8,"Delran, N.J.",Sky Blue FC,34,2,1
USWNT/danielle-colaprico.html,Danielle,Colaprico,Midfielder,1993-09-06T00:00:00Z,5-5,"Freehold, N.J.",Chicago Red Stars,34,2,1,12052
USWNT/lynn-williams.html,Lynn,Williams,Forward,1993-05-21T00:00:00Z,5-7,"Fresno, Calif.",NC Courage,06,9,4,494665
USWNT/crystal-dunn.html,Crystal,Dunn,Defender,1992-07-03T00:00:00Z,5-1,"Rockville Centre, N.Y.",NC Courage,36,2,1,24023
USWNT/megan-rapinoe.html,Megan,Rapinoe,Forward,1985-07-05T00:00:00Z,5-7,"Redding, Calif.",Seattle Reign FC,06,9,4,89861
USWNT/tobin-heath.html,Tobin,Heath,Forward,1988-05-29T00:00:00Z,5-6,"Basking Ridge, N.J.",Portland Thorns FC,34,2,1
USWNT/mallory-pugh.html,Mallory,Pugh,Forward,1998-04-29T00:00:00Z,5-5,"Highlands Ranch, Colo.",Washington Spirit,08,8,4,96713
USWNT/morgan-brian.html,Morgan,Brian,Midfielder,1993-02-26T00:00:00Z,5-7,"St. Simons Island, Ga.",Chicago Red Stars,13,5,3,12743
USWNT/adrianna-franch.html,Adrianna,Franch,Goalkeeper,1990-11-12T00:00:00Z,5-9,"Salina, Kan.",Portland Thorns FC,20,4,2,47707
USWNT/casey-short.html,Casey,Short,Defender,1990-08-23T00:00:00Z,5-7,"Naperville, Ill.",Chicago Red Stars,17,3,2,141853
USWNT/lindsey-horan.html,Lindsey,Horan,Midfielder,1994-05-26T00:00:00Z,5-9,"Golden, Colo.",Portland Thorns FC,08,8,4,18867
USWNT/alyssa-naeher.html,Alyssa,Naeher,Goalkeeper,1988-04-20T00:00:00Z,5-9,"Stratford, Conn.",Chicago Red Stars,09,1,1,51384
USWNT/haley-hanson.html,Haley,Hanson,Midfielder,1996-02-22T00:00:00Z,5-6,"Lincoln, Neb.",Houston Dash,31,4,2,258379
USWNT/merritt-mathias.html,Merritt,Mathias,Defender,1990-07-02T00:00:00Z,5-3,"Birmingham, Ala.",NC Courage,01,6,3,212237
USWNT/mccall-zerboni.html,McCall,Zerboni,Midfielder,1986-12-13T00:00:00Z,5-4,"Camarillo, Calif.",NC Courage,06,9,4,65201
USWNT/tierna-davidson.html,Tierna,Davidson,Defender,1998-09-19T00:00:00Z,5-10,"Menlo Park, Calif.",Chicago Red Stars,06,9,4,32026
USWNT/samantha-mewis.html,Samantha,Mewis,Midfielder,1992-10-09T00:00:00Z,6-0,"Hanson, Mass.",NC Courage,25,1,1,2118
USWNT/alex-morgan.html,Alex,Morgan,Forward,1989-07-02T00:00:00Z,5-7,"Diamond Bar, Calif.",Orlando Pride,06,9,4,55544
USWNT/taylor-smith.html,Taylor,Smith,Defender,1993-12-01T00:00:00Z,5-3,"Fort Worth, Texas",Washington Spirit,48,7,3,741206
USWNT/rose-lavelle.html,Rose,Lavelle,Midfielder,1995-05-14T00:00:00Z,5-4,"Cincinnati, Ohio",Washington Spirit,39,3,2,296943
USWNT/kelley-ohara.html,Kelley,O'Hara,Defender,1988-08-04T00:00:00Z,5-5,"Fayetteville, Ga.",Utah Royals FC,13,5,3,15945
USWNT/allie-long.html,Allie,Long,Midfielder,1987-08-13T00:00:00Z,5-8,"Northport, N.Y.",Seattle Reign,36,2,1,7401
USWNT/ashlyn-harris.html,Ashlyn,Harris,Goalkeeper,1985-10-19T00:00:00Z,5-9,"Satellite Beach, Fla.",Orlando Pride,12,5,3,10109
USWNT/emily-sonnett.html,Emily,Sonnett,Defender,1993-11-25T00:00:00Z,5-7,"Marietta, Ga.",Portland Thorns FC,13,5,3,56579
USWNT/julie-johnston.html,Julie,Ertz,Midfielder,1992-04-06T00:00:00Z,5-7,"Mesa, Ariz.",Chicago Red Stars,04,8,4,439041
USWNT/tegan-mcgrady.html,Tegan,McGrady,Defender,1997-10-11T00:00:00Z,5-6,"San Jose, Calif",NoClub,06,9,4,945942
USWNT/amy-rodriguez.html,Amy,Rodriguez,Forward,1987-02-17T00:00:00Z,5-4,"Lake Forest, Calif.",Utah Royals FC,06,9,4,77264
USWNT/jane-campbell.html,Jane,Campbell,Goalkeeper,1995-02-17T00:00:00Z,5-9,"Kennesaw, Ga.",Houston Dash,13,5,3,29783
USWNT/becky-sauerbrunn.html,Becky,Sauerbrunn,Defender,1985-06-06T00:00:00Z,5-7,"St. Louis, Mo.",Utah Royals FC,29,4,2,319294
USWNT/christen-press.html,Christen,Press,Forward,1988-12-29T00:00:00Z,5-7,"Palos Verdes Estates, Calif.",Utah Royals FC,06,9,4,13438
USWNT/hailie-mace.html,Hailie,Mace,Defender,1997-03-24T00:00:00Z,5-7,"Ventura, Calif.",UCLA,06,9,4,106433
